"","ID","adj.P.Val","P.Value","t","B","logFC","SEQUENCE","SPOT_ID","GENE_ID","GENE_SYMBOL"
"LNCV6_17202_PI430048170","LNCV6_17202_PI430048170",7.21557975532675e-06,6.04179432838452e-11,12.5032276256722,14.5964581409006,2.05265306436321,"ATTTCGCCAAGCCGAGGTCTCTTGGTTGCGGCACTGCTTCTGGCTCGGTGCCTGTATTTT","",NA,"AC025171.3"
"hsa_circ_0063347","hsa_circ_0063347",7.21557975532675e-06,8.73403549658565e-11,12.2483051655986,14.282408519975,2.27471934338921,"TTTAAAAGGAGTTGTCTCCAAACACCATGGTGACACCTCACAAGAAGAGCATGCTGGGAA","",NA,""
"LNCV6_75093_PI430048170","LNCV6_75093_PI430048170",8.89392724495041e-06,1.61483648359859e-10,11.8321319632741,13.7542550564443,1.35399757858297,"AGCAAAAGTTGGAAGCCTGGAGTGCCTAAGCCTGCTTGTAGCCAGTGATGCCCAAATTGA","",353322,"ANKRD37"
"LNCV6_26271_PI430048170","LNCV6_26271_PI430048170",1.15630123799547e-05,2.85497695164018e-10,11.4559731229251,13.2598228408627,1.9333216002714,"ATGGATGTAACAAGTTGCATGTCTGGGCTTTATTTCAGTGTATTAATTGTGCGATCTTTT","",NA,"AL161421.1"
"LNCV6_143436_PI430048170","LNCV6_143436_PI430048170",1.15630123799547e-05,3.56217432713706e-10,11.3123294554024,13.0666105254689,3.26904428828191,"CGGATCAGCCACACACGTGTTCCCTTCTATTTATTATAAAGAAATTTTTCATGGGAAAAT","",63973,"NEUROG2"
"hsa_circ_0072557","hsa_circ_0072557",1.15630123799547e-05,4.1989042044513e-10,11.2064578754662,12.9226156841706,3.18217952443219,"TTTTTTGCAGATTGACAAAGAAATAGAGCTTCACAGAATTCTTCATCATAAGCATGTAGT","",NA,""
"hsa_circ_0072553","hsa_circ_0072553",1.27453506550797e-05,5.39962443551423e-10,11.0459578021948,12.7017163588876,3.16372883122806,"AAGAGTATGAAAACGCAGAAGCCTTGAAGACAGTACCATGGGAAGTGTTGCAGACACAGT","",NA,""
"LNCV6_137610_PI430048170","LNCV6_137610_PI430048170",1.92321090557243e-05,9.63171068522674e-10,10.6830019321574,12.190370486091,3.79873452033696,"GCCAAGTGATATCCTGTAGTACACATTGTACTGAGTGGTTTTTCTGAATAAATTCCATAT","",29949,"IL19"
"LNCV6_127465_PI430048170","LNCV6_127465_PI430048170",1.92321090557243e-05,1.08444838502837e-09,10.6096976417855,12.0850737009662,2.35335269852065,"ATCATCTCAAGTGGTATTTGTAGCCAAGTGGGAGCTATTTTCTTTTTTGTGCATATAGAT","",2355,"FOSL2"
"LNCV6_136598_PI430048170","LNCV6_136598_PI430048170",1.92321090557243e-05,1.16396692201274e-09,10.5661303596171,12.0221654355224,1.96290838158152,"GCAAGCTTTGAAAGGGGCCTTCCATACTTACTTAATTGAATATTCTGGGATATTGAAAAT","",5144,"PDE4D"
"LNCV6_124192_PI430048170","LNCV6_124192_PI430048170",2.01256439750828e-05,1.33985004887708e-09,10.4798665800443,11.8968832709248,2.42093942642693,"CGATGACTTTTTTGATGTGCCAAAAAAGATGACTACATAGTGCTTTTACCTTTTTGCTCA","",NA,"AL359711.2"
"hsa_circ_0072560","hsa_circ_0072560",2.59914365413741e-05,2.09433740384213e-09,10.2093330450726,11.4976792410127,2.58576181334595,"ACAAGCACAATGCTTCCGTGGAAAAATCACAGTTTTGATGTGGACAATGGCACATCTGCG","",NA,""
"hsa_circ_0087740","hsa_circ_0087740",2.59914365413741e-05,2.16137080629067e-09,10.1904375254121,11.4694356351143,4.23526124232634,"TATCCAAGCCTTAGCCTGCCTGTCAGCACTGAGCATGATCACAGAGCCCACTGCGGAAGA","",NA,""
"LNCV6_10352_PI430048170","LNCV6_10352_PI430048170",2.59914365413741e-05,2.29489036140994e-09,10.1545536335075,11.4156681161363,2.92623726225212,"CGGGACAAGAAATGCTTCTTTAGAAATGCTTCTTTCCTTTCTAAAATGAAAGTTTTGGAC","",NA,"LINC01128"
"hsa_circ_0061269","hsa_circ_0061269",2.59914365413741e-05,2.35958305213135e-09,10.1379412066899,11.3907182540498,1.66230812498261,"CAAAATCAAGGATGAGGAAGATGGAGAGAATGCCCACCCATATAGAAACAGTGACCCTGT","",NA,""
"LNCV6_67165_PI430048170","LNCV6_67165_PI430048170",2.81333865479212e-05,2.89486434558112e-09,10.01633934456,11.2069594518129,3.35683525032796,"CATCAGAGGAGAGATATTGTACCCACTCTTCAGAGACAGAAACTGAAATTCAAAGAGAGT","",NA,"---"
"hsa_circ_0061268","hsa_circ_0061268",2.81333865479212e-05,2.92450935534491e-09,10.0103058711746,11.19779009642,1.9321584729839,"GAAGAAGAAAGAATACACCTCAACACTTTTGCTCAATGGTTATGAGACTCTAGAAGATTT","",NA,""
"LNCV6_131143_PI430048170","LNCV6_131143_PI430048170",2.81333865479212e-05,3.06484308361475e-09,9.98258226611881,11.1555939222011,1.61821165283616,"CTTCTCATTCCCATGTGGAACAGGATGCCCACATACTGTCTAATTAATAAATTTTCCATT","",7050,"TGIF1"
"LNCV6_141997_PI430048170","LNCV6_141997_PI430048170",3.39655713607274e-05,3.90576627501117e-09,9.84000009256131,10.9369292995337,1.46784412750536,"CACCTCAGGACAGATTCTCTGGCCAGGCCCTTCCCTGACCCAATAAATCCTGAAGAGGTT","",51537,"MTFP1"
"LNCV6_47761_PI430048170","LNCV6_47761_PI430048170",4.07926324157653e-05,4.9377085639646e-09,9.70343997475566,10.7248883748209,2.38239024875903,"CATACCTGAGGATTATGTGGTTTGTAAACTTGGCACTTAGAAGAACCAATAAAATCATGT","",NA,"GAPLINC"
"LNCV6_34485_PI430048170","LNCV6_34485_PI430048170",4.11200695462264e-05,5.22621005072206e-09,9.67055568364008,10.6734430790438,1.96003394045708,"TGAAATGGAACAACTTCTCAAAGAAACAGGGTTAGATTAAAAGCAGCCTGTTCCTCTGCC","",NA,"AC004832.5"
"hsa_circ_0014740","hsa_circ_0014740",4.80949788039001e-05,6.40377617540385e-09,9.55348662009953,10.4890747980862,1.28467120386512,"CATCATCGAGAAGGTATCCTGCAGACCATGAACTGAGCACTGTTCCCAGACCGTTCATGA","",NA,""
"LNCV6_77724_PI430048170","LNCV6_77724_PI430048170",6.18295617763189e-05,9.25027355455787e-09,9.3439796711336,10.1543258002938,1.27857786839519,"AGCTATGGAAACTCATCTGATTCCAGATATGATGATGGAAGAGGGCCACTGGGAAACTCT","",NA,"---"
"LNCV6_135497_PI430048170","LNCV6_135497_PI430048170",6.18295617763189e-05,9.41843867146072e-09,9.33379368466936,10.1378923092052,3.02700967025893,"ACACCATCAGGATAGCACAGGGAAACTGTAGTTTAAGTGGCAAATAAAAACATTTGCATC","",60370,"AVPI1"
"hsa_circ_0070976","hsa_circ_0070976",6.18295617763189e-05,9.72043904229138e-09,9.31596674984418,10.1090958047494,3.4618336216549,"CTGTCTCCAGGAGCTTTGTCTTATGCTGAATTGGGAACAACTATAAAGAAATCTGGAGGT","",NA,""
"LNCV6_100286_PI430048170","LNCV6_100286_PI430048170",6.18295617763189e-05,1.00831797015577e-08,9.29529998965974,10.0756553423847,2.0027438711085,"CATCCTCAGAGGTGTGCCTCTTTTCTTTATTATTAGAGGCAAAACGAACAATTTTATAGG","",6498,"SKIL"
"LNCV6_142150_PI430048170","LNCV6_142150_PI430048170",6.18295617763189e-05,1.0469788777329e-08,9.27410697444816,10.041300061274,2.37952106145174,"CTATGGGTGTTATCACCTAGCTGAATGTTTTTCTAAAGGAGTTTATGTTCCATTAAACGA","",4092,"SMAD7"
"LNCV6_131931_PI430048170","LNCV6_131931_PI430048170",6.18295617763189e-05,1.04777474277332e-08,9.27367928740117,10.0406060918544,1.79002753880482,"GGAAAGTGTGAGTTAATATTGGACACATTTTATCCTGATCCACAGTGGAGTTTTAGTAAT","",64092,"SAMSN1"
"LNCV6_102148_PI430048170","LNCV6_102148_PI430048170",6.23952771306325e-05,1.09866902431667e-08,9.24700801962327,9.99727734245465,1.25262128802404,"CTGCAGGGAACCGGCCTGACTGACATGCAGTTCCATAAATACATGTTTCTCTCGTTTTTT","",NA,"---"
"LNCV6_75488_PI430048170","LNCV6_75488_PI430048170",6.23952771306325e-05,1.13288727397671e-08,9.22978783190357,9.96924823212887,3.23735647463164,"AGGCTAGAACCCTTGGAACACAGAAGGAGAACGATATGTGGTACCCCAAATTATCTCTCT","",10769,"PLK2"
"LNCV6_35705_PI430048170","LNCV6_35705_PI430048170",6.28284444584913e-05,1.17877719904692e-08,-9.20752345240792,9.93294573773558,-2.27956065159859,"ATGACAACTGTGACTGTTGTGTGACACTGATTTCTCTCATATTTGTACTGGCTGATCCTG","",NA,"RF00588"
"hsa_circ_0014736","hsa_circ_0014736",6.3153529189661e-05,1.22309820556268e-08,9.18685896225041,9.89918822597241,1.19410744725486,"CGTTTCTGATGAGGCTGTGCAGAAGGTATCCTGCAGACCATGAACTGAGCACTGTTCCCA","",NA,""
"hsa_circ_0072555","hsa_circ_0072555",6.41039526663704e-05,1.42855531111811e-08,9.10024665256321,9.75702960386271,2.99772794186962,"CAGACAAAAAGGTGGCTTTGCAAAATGTTACGAGATGACAGATTTGACAAATAACAAAGT","",NA,""
"LNCV6_10338_PI430048170","LNCV6_10338_PI430048170",6.41039526663704e-05,1.4385996366803e-08,9.09635068224827,9.75060962438416,2.43558157962174,"CAGATCAGACAACCAACCACACAAAGTTTCTAAGAGCAAACTGTTCAGGTCGGCAAGTCA","",NA,"FAM87B"
"LNCV6_92064_PI430048170","LNCV6_92064_PI430048170",6.41039526663704e-05,1.47102168403839e-08,9.0839649578403,9.73018521163733,4.117518106792,"GATGTCATTGAATCCTTTTCAAAGTGCAGTATGAAAACAAAGGGAAAAACACTGAAGCAC","",NA,"---"
"hsa_circ_0015047","hsa_circ_0015047",6.41039526663704e-05,1.47863030232322e-08,9.0810994197726,9.72545669631337,2.06602804870261,"CAATTCCCCGGTTTACAGGTACATACATTACACCCCTATTTCTACAAAGCTTGGCTATTA","",NA,""
"LNCV6_116339_PI430048170","LNCV6_116339_PI430048170",6.41039526663704e-05,1.47981190937499e-08,9.08065578001633,9.72472452603795,2.48587676082941,"TCAGTTCCGTTAGTGTTTCTGAAGCCATCTTGCCTTGTAAACAAACAAGAGCCAGGCACA","",NA,"---"
"hsa_circ_0014741","hsa_circ_0014741",6.41039526663704e-05,1.48341198669423e-08,9.07930637888917,9.72249733818882,1.24552590364479,"CATCATCGAGGAGGCTGTGCAGAAGGTATCCTGCAGACCATGAACTGAGCACTGTTCCCA","",NA,""
"hsa_circ_0014738","hsa_circ_0014738",6.41039526663704e-05,1.58068763225848e-08,9.04407816453878,9.66425981354709,1.3253849041752,"TACAACACAGGTGACTTTCACCAAGCGGAAGTTTGGCCTGATGAAGAAGGCGTATGAGCT","",NA,""
"hsa_circ_0066477","hsa_circ_0066477",6.41039526663704e-05,1.58963219240863e-08,9.04095263306154,9.65908415186763,1.02454111715282,"TGCATGAGTTAAACCTGAGTTACAACAAACTCTCTGAGATTGACCCTGCTGGTTTTGAGG","",NA,""
"LNCV6_103262_PI430048170","LNCV6_103262_PI430048170",6.41039526663704e-05,1.60897763476773e-08,9.03425468499823,9.647988044253,1.26762693482001,"TATGACAAATGACATGGCCAAACACACCATAATGTCTGAAGGTACAGGTAGCCCTAAGCG","",NA,"---"
"LNCV6_61019_PI430048170","LNCV6_61019_PI430048170",6.41039526663704e-05,1.653138634114e-08,-9.01927305659929,9.62314526020426,-1.85013573898311,"ACTCTTTCAGTTTTAACTAAAGCTTCCATTTACTGATAGCTCAATTTTGTGCCATTGCCA","",NA,"---"
"LNCV6_106276_PI430048170","LNCV6_106276_PI430048170",6.41039526663704e-05,1.66827249735454e-08,9.01423431455263,9.6147826080741,1.3079832577673,"GACTTCTTTCTATGCTTTGTACAACTCTACAGACCGTATGTAGGTATTACTGTTTTTGTT","",NA,"---"
"LNCV6_136245_PI430048170","LNCV6_136245_PI430048170",6.5209459053555e-05,1.73650884430482e-08,8.99208971887219,9.57798611485992,3.64978728358256,"GGTATCCCTCCATGCCCTTCTGTAATAAATATCTGGAAAAAACATTAAACAATAGGCAAA","",5055,"SERPINB2"
"LNCV6_130720_PI430048170","LNCV6_130720_PI430048170",6.68217423976276e-05,1.81988537598923e-08,8.96622698464486,9.53492103625473,1.81969769445814,"CTACCAGATTTGAACATCTAGTGAGGTTCACATTCATACTAAGTTTTCAACATTGTGTTC","",3638,"INSIG1"
"LNCV6_130705_PI430048170","LNCV6_130705_PI430048170",7.32639222932088e-05,2.07699230818421e-08,8.89359846886064,9.41346255861491,1.17094317447706,"GCCTGGGACTCAGCATTTCTGATATGCCTTAAGAATTCATTCTGTTTTGTACAATTATTT","",27106,"ARRDC2"
"hsa_circ_0007923","hsa_circ_0007923",7.32639222932088e-05,2.08401935966496e-08,8.89174692819339,9.41035610128823,1.33707054696165,"AACTTTCTAGATGGCCGCCAAGAACGAGTCATGTTTGACAAAATTACATCTCGAATCCAG","",NA,""
"LNCV6_106140_PI430048170","LNCV6_106140_PI430048170",7.57622494766848e-05,2.21337864185484e-08,8.85877397957514,9.35495100824095,0.953117989527648,"TTAAAACCAACAACAAAAGGAAAGAAAACAGCTACAAGGAGGCCGAAGGGGCCTTTGGGT","",NA,"---"
"LNCV6_129051_PI430048170","LNCV6_129051_PI430048170",7.57622494766848e-05,2.24679095337837e-08,8.8505821957721,9.34116147325223,7.03263567335177,"CATTGCTCTTTAGTGTGTGTTAACCTGTGGTTTGAAAGAAATGCTCTTGTACATTAACAA","",8013,"NR4A3"
"hsa_circ_0058759","hsa_circ_0058759",7.67025712753113e-05,2.3210989376959e-08,8.83280829993658,9.31120814230824,0.996802601243988,"AGCAAAGTCTCACACACTCACGGGACACAGTGGGAAAGTGCTGTCTGCTAAGTTCCTGCT","",NA,""
"LNCV6_45924_PI430048170","LNCV6_45924_PI430048170",7.83509009837771e-05,2.41839867709218e-08,8.81040766652084,9.2733915298589,2.88693996174087,"CTAACAGCTGCACACTGTTGTTCGAGTAAATCAATGTATTTCACATTTTAGTATTTCCTG","",NA,"---"
"LNCV6_133380_PI430048170","LNCV6_133380_PI430048170",7.91485613958869e-05,2.49092180705937e-08,8.7943113175253,9.24617220661305,2.77406862662655,"GTGGTGGAGACCTTTATTTAAGGTGATTTTTACAGAAATGTGATTTTGCTGTAGGTGATT","",64412,"GZF1"
"LNCV6_131365_PI430048170","LNCV6_131365_PI430048170",8.14877888897766e-05,2.61385883298825e-08,8.76810574551284,9.20177632633951,2.71591684272302,"CGGGACCAACTCTTTGTATAACCTACCTGAATGTATTAAAAACTAATTTTGGAGAAGCAA","",2615,"LRRC32"
"LNCV6_144843_PI430048170","LNCV6_144843_PI430048170",8.34775090331939e-05,2.72820478716961e-08,8.74485494263795,9.1623014784073,3.91248650706643,"GGGGAGGAATCCTGGACCAAGCACAAAAACTTAACAAAAGTGATGTAAAAATGAAAAGCC","",3914,"LAMB3"
"hsa_circ_0066470","hsa_circ_0066470",8.72194163879241e-05,3.03157697281519e-08,8.68775673252612,9.06502223162773,0.981407781879436,"TTTCGTGTGCGAAACCTGAGTTACAACAAACTCTCTGAGATTGACCCTGCTGGTTTTGAG","",NA,""
"LNCV6_88501_PI430048170","LNCV6_88501_PI430048170",8.72194163879241e-05,3.09890271727233e-08,8.67589037223365,9.04474476762765,1.19681948791513,"TCCGTAGCACTGAGGACCCCCGGAGAAGATGGGGAGGAAAAAGATTCAGATCCAGCGAAT","",4209,"MEF2D"
"LNCV6_65598_PI430048170","LNCV6_65598_PI430048170",8.72194163879241e-05,3.12369551122035e-08,8.67158782011033,9.03738733173447,1.89252083312067,"CATGTAACAATTATGCCAAAATATATCCAGCCCGCACTCCAGATATATGGAGGGCATGCT","",NA,"---"
"LNCV6_10595_PI430048170","LNCV6_10595_PI430048170",8.72194163879241e-05,3.13644320666682e-08,-8.66938934952965,9.03362685152224,-2.29350189670678,"TTACTGTATGTGGATTTTCAGTAACCAACTTGGAAAGCTGTATTTGTTCCCATGATTCAG","",NA,"ZNF436-AS1"
"LNCV6_93062_PI430048170","LNCV6_93062_PI430048170",8.72194163879241e-05,3.18393144458031e-08,8.66128032379857,9.01975018284413,2.75043846286982,"CTTAATCCGGAAGAGAATCCACCTGAGACCTGAGGACGCCTTATTCTTCTTTGTCAACAA","",23710,"GABARAPL1"
"hsa_circ_0014739","hsa_circ_0014739",8.72194163879241e-05,3.24756310460067e-08,8.65060919690225,9.00147423138858,1.36800023084329,"CATCATCGAGGTGACTTTCACCAAGCGGAAGTTTGGCCTGATGAAGAAGGCGTATGAGCT","",NA,""
"LNCV6_132946_PI430048170","LNCV6_132946_PI430048170",8.72194163879241e-05,3.28748759364101e-08,8.64402396596955,8.99018757973092,1.22228005331659,"GGACTCCTCATCTTTATATTCACGAAAAAGCAATCTGAAGAAAACAAATAAAAGCCTGTG","",58515,"SELK"
"LNCV6_109325_PI430048170","LNCV6_109325_PI430048170",8.72194163879241e-05,3.32893004208423e-08,-8.63727553488034,8.97861453790875,-1.06260652748442,"AAGAAGCAAAGTGGTCCCTTAACAGGGGCTTCCTGGAGAAAATGTCTTGACCTAAAAGAG","",NA,"AC107884.1"
"LNCV6_123132_PI430048170","LNCV6_123132_PI430048170",8.72194163879241e-05,3.51501988382003e-08,-8.60801004385391,8.92834821433494,-2.39580714256357,"ATGCACAGGATTAATCAACAAGATAGGTTACCCAGATTTAGCTTGCATCTGCTTTTATAA","",NA,"---"
"LNCV6_32104_PI430048170","LNCV6_32104_PI430048170",8.72194163879241e-05,3.52055315022868e-08,-8.60716464368108,8.92689426633321,-2.36836817529643,"CTCCAAGTGTAGTAAGTGTATATGGGAATCACTTTATTCAAACAGTGTAGTGCACTTAGT","",NA,"ZNF561-AS1"
"LNCV6_105595_PI430048170","LNCV6_105595_PI430048170",8.72194163879241e-05,3.52057036394142e-08,8.6071620158347,8.92688974670789,2.11610103583207,"TTGGCCTCGAAGCTGCAGGTGAGACTGGTTTGAAGGCTATTATGTGGCTATTTTCTCTAA","",NA,"---"
"hsa_circ_0016315","hsa_circ_0016315",8.72194163879241e-05,3.61401383796756e-08,8.59308985290842,8.90267235007494,3.92815712338787,"AAATAAAAATCTTTGGAAAAGAGCCTGGAGGTTCAACGAGGAATTCACAGGGCAGTGCCC","",NA,""
"hsa_circ_0020952","hsa_circ_0020952",8.72194163879241e-05,3.63871380743673e-08,8.58943318214792,8.89637460550045,1.19368004379823,"CAAAGATGAGATGTGATGGAAGACCTCTATAACTACATAAATCCACATAATGGCAAACAC","",NA,""
"hsa_circ_0026161","hsa_circ_0026161",8.72194163879241e-05,3.64335090410138e-08,8.5887495609139,8.89519701000923,1.09236464024632,"CTGGAACATGGAGGTGACTTCATCAATGCTCCTACCCCGAGTTCTTGAGACAGACCTGGA","",NA,""
"hsa_circ_0074142","hsa_circ_0074142",8.72194163879241e-05,3.73398982080283e-08,8.57556541337084,8.87247259455253,0.963814664391633,"GTTTACTTTGACTGACATCAATTTGCCCTATCTTACAATGGATTCTTCTGGACCCAAGCA","",NA,""
"LNCV6_145343_PI430048170","LNCV6_145343_PI430048170",8.72194163879241e-05,3.73494119133534e-08,8.5754287958768,8.87223698293137,1.37084123887273,"CTAGGGGTTAGCCAACAAGATATACCAAGCATGAAAACCTGTAAAACTTAATAAAATGCT","",94056,"SYAP1"
"hsa_circ_0018080","hsa_circ_0018080",8.72194163879241e-05,3.78950229340002e-08,8.56765357980131,8.85882320334089,1.8323101506418,"CCTGTACATAGTCATCACTCCCCAAAATGGACGTTACCAAATAGATTCCGATGTTCTCCT","",NA,""
"LNCV6_48533_PI430048170","LNCV6_48533_PI430048170",8.72194163879241e-05,3.86038866055972e-08,-8.55772356665848,8.84167888135971,-1.45337331923555,"CGGATTTATAGAACAGTATGCATAATATGACCCCAACTGCATTCCAAAAAATAGATGTAG","",NA,"---"
"LNCV6_129113_PI430048170","LNCV6_129113_PI430048170",8.72194163879241e-05,3.86896876992057e-08,-8.55653448309247,8.8396249251984,-1.13486187084936,"CATATCAGCCCCTTCATTCCATGTATTCCAGTTGTAAAACAAGTATCAAAATATTGGGAA","",402573,"C7orf61"
"LNCV6_140464_PI430048170","LNCV6_140464_PI430048170",8.72194163879241e-05,3.95801781626707e-08,8.54435257903709,8.81857045027418,3.19491304100889,"CTTTTGTTGTTGTTAATTTTTGTAAAGCAGACGCTACTCTCAAGCAGTTGACAAAACTGT","",1961,"EGR4"
"LNCV6_112587_PI430048170","LNCV6_112587_PI430048170",8.72194163879241e-05,4.01208034186655e-08,8.53709471436323,8.80601587324944,2.33446946676733,"GAGTCTGTCTTCTAAATCCAGACATCCAAGAAAACAAGCCAAAATTACTGAAGAAACAAA","",NA,"---"
"hsa_circ_0089959","hsa_circ_0089959",8.72194163879241e-05,4.0385755000524e-08,8.53357470052459,8.79992416172386,1.65179421321745,"TTCCTAAACTAAGCAGCTGTGCCCCCATGGGTTGACACTAACGATGAAGAAACAATTCAA","",NA,""
"hsa_circ_0015049","hsa_circ_0015049",8.72194163879241e-05,4.10671221439127e-08,8.52463125010789,8.78443837387603,1.84311575393713,"ATAAATGTATCTTCTTGTCTCTGGAGTGTCAATGGGAATGGTGGTCTTTATCGGGCACTT","",NA,""
"LNCV6_122525_PI430048170","LNCV6_122525_PI430048170",8.72194163879241e-05,4.11738525213981e-08,8.5232442867033,8.78203574620132,1.90206295012353,"GCTTGAAGGGAAGAATGGTTTGAGCACCGAGGACAAGAATTAATTCCCCAGGCCTGGGTT","",NA,"AL118516.1"
"LNCV6_131399_PI430048170","LNCV6_131399_PI430048170",8.80720869210302e-05,4.24776383693111e-08,8.50659630264398,8.75317414165392,2.79327844353052,"TATATTCTGCCAGGGGTGTTCTAGCTTTTTGAGGACAGCTCCTGTATCCTTCTCATCCTT","",27076,"LYPD3"
"hsa_circ_0001318","hsa_circ_0001318",8.80720869210302e-05,4.26424353695926e-08,8.50452982575154,8.74958872805585,0.965652555186563,"TCAGCAAGCTAAACCTGAGTTACAACAAACTCTCTGAGATTGACCCTGCTGGTTTTGAGG","",NA,""
"LNCV6_48010_PI430048170","LNCV6_48010_PI430048170",8.90954267574382e-05,4.36771363825508e-08,-8.49174143557821,8.72738620933384,-2.59645718084848,"TGTGATGACTGAGGTTAATTCAGTCTGTCAATTACATCAATATAATTGCCTTCTTGTAGC","",NA,"CR786580.1"
"LNCV6_83899_PI430048170","LNCV6_83899_PI430048170",9.04679581761341e-05,4.5076214980718e-08,-8.4749403154613,8.69817985123657,-1.60487364667202,"TATATCCTTAAACCTGTACTCTATTACCAGGCCACTGTGCCTGTGGAGCACTGTAAGTTC","",NA,"ZNF436-AS1"
"hsa_circ_0022185","hsa_circ_0022185",9.04679581761341e-05,4.54450521919223e-08,8.47060107361098,8.69062983745391,0.954337392650778,"GGTGCAGAAGATGCCTTATTGGAGGAACTGGAACGCTCCACCCTTCAGGACAGTGATGAA","",NA,""
"LNCV6_78652_PI430048170","LNCV6_78652_PI430048170",9.14911362423343e-05,4.65127516619727e-08,-8.45824283772817,8.66911183108966,-2.76160185683713,"TTGTCCAGTGTGGTGAAGGTGACATTTCCAAATCTGAGCATTGGACATCAGTGTGTCTGT","",NA,"NCF1B"
"hsa_circ_0062836","hsa_circ_0062836",9.16401664990597e-05,4.76750525810691e-08,8.44511963702668,8.64623685154011,1.44904097255349,"TTATCCACCCCATTGACAGGCTATGCCAATGAGGTGGGCGAGGCTTTCCGCTCTCTTGTG","",NA,""
"LNCV6_127300_PI430048170","LNCV6_127300_PI430048170",9.16401664990597e-05,4.88783899776064e-08,8.43187805016946,8.62312937212939,2.57982115870856,"CCATGGGAAAACCTGTATGCCGATTTTCCTCAAGCCATCTCACAAAATAAGAATTTCAAA","",220441,"RNF152"
"LNCV6_142449_PI430048170","LNCV6_142449_PI430048170",9.16401664990597e-05,4.92979962498998e-08,8.42734000808831,8.61520413236956,2.63169534803237,"AATGACTGCCAGACTGTGGGGAGGCACTCTCCTCTGGACCTAAACCTGAAATCCCCCTCT","",5329,"PLAUR"
"hsa_circ_0066974","hsa_circ_0066974",9.16401664990597e-05,4.93096698334401e-08,-8.42721433148248,8.61498460674097,-2.20618685976241,"ATGGTAATTGCACTTGAGTCCTATCATTGATCGGCCTGAGTCTAATAGCTTTGGGGACAG","",NA,""
"hsa_circ_0047391","hsa_circ_0047391",9.16401664990597e-05,4.93616424381695e-08,8.42665517384359,8.61400786936227,0.921861902095694,"CCCACAGCAGTTGGGGAATGGCGGTCAATGTGTATTCTACCTCGATAACCCAAGAGACTA","",NA,""
"LNCV6_128596_PI430048170","LNCV6_128596_PI430048170",9.19874235521013e-05,5.01054180542708e-08,8.41871931658996,8.60014044981075,1.74738556575142,"CAAACAAGATTGCTGATCTGTTCTGTATTAGTGACATTCTGGTACTTCTAGATTTGCAAT","",9120,"SLC16A6"
"LNCV6_10704_PI430048170","LNCV6_10704_PI430048170",9.29488187233842e-05,5.11916340583551e-08,8.40734646771675,8.58025063764641,1.91643837211767,"TTCCCATAAACTGTTCAGGACAGCCACAAAAAAGATCTAGTCCTTTGGGATCTCCAGCAC","",NA,"AC114488.3"
"hsa_circ_0015667","hsa_circ_0015667",9.30656986407342e-05,5.18305200097679e-08,-8.4007734902362,8.56874640557636,-1.24284253746778,"TATATTGCAGGCAACAGACAGGCTTGTCCATTGTGCCCTAAGGAAAAATTCAGAGCTTGT","",NA,""
"hsa_circ_0086634","hsa_circ_0086634",9.30656986407342e-05,5.28677651940083e-08,8.39027894153023,8.55036507828855,1.08978285273011,"TCTTTGTAACGCGGGAGACACTATATTCAATCGTGCTAAGCTCCTCAATGTTGGCTTTCA","",NA,""
"hsa_circ_0072552","hsa_circ_0072552",9.30656986407342e-05,5.29457641953229e-08,8.38949841724465,8.54899732029065,1.79542664270077,"GGCAATAAAGAGTATGAAAACGCAGAAGGTGGAGATCTGCCTAGTGTTACTGATATTCGA","",NA,""
"LNCV6_132935_PI430048170","LNCV6_132935_PI430048170",9.67372538218291e-05,5.60145567327113e-08,8.35969997058829,8.49671135741988,1.47424724338055,"TGTGGATCTGCTATTGGGTTGGTATTTTAAACTTTCACTTGGGTGAAACTTGTTCATCAT","",23210,"JMJD6"
"LNCV6_131885_PI430048170","LNCV6_131885_PI430048170",9.67372538218291e-05,5.62054867299057e-08,8.35790230124059,8.49355280328232,1.19786039607526,"CCTCCCCAGAACACTCAGAGGGACGGTCAACATCAGAGCACATTAAACGCTGGTGAAACC","",124044,"SPATA2L"
"hsa_circ_0018081","hsa_circ_0018081",9.96434607259412e-05,5.84970900411931e-08,8.33680697135079,8.45645143200731,2.00542617822965,"AACATTGCTGATCCACAAGCAAGCACCTCCACTGGAAGACATTGCAGATGACTGCAGTCC","",NA,""
"hsa_circ_0040805","hsa_circ_0040805",0.000100663152281177,5.97049484264587e-08,8.32603015438544,8.43747189632176,3.00403234773163,"TCATCCTGCTGGGCTTCGTCCAGATCGGGAAGGTGCTGCTCACGGCCGTGAACTGCTACA","",NA,""
"hsa_circ_0090204","hsa_circ_0090204",0.000104558024275592,6.26478669197517e-08,8.30069107098148,8.39277723249794,1.22626858973113,"TGAAACAAGAACCAGGCCACTCTGGATGACATGGAGAAGTCTGTGAATGATGATATGAAA","",NA,""
"LNCV6_29877_PI430048170","LNCV6_29877_PI430048170",0.000107317929637043,6.49510253266939e-08,8.28170641710921,8.35922754326591,3.79508503626154,"TTCCCTTCAGTTTGGGACTTAAAACTTCCACCAATAACGTGAGTATGTGCACCCATGCAG","",NA,"AC090617.5"
"LNCV6_89450_PI430048170","LNCV6_89450_PI430048170",0.000108420955826913,6.62747855311003e-08,8.27110801985013,8.34047442449674,2.83905540071705,"TATAAGCTTTTAGTACTTGGGCTCATGGCATGAGTGGGGAGGTAGCCAGTTGTGGTATTA","",NA,"---"
"LNCV6_121091_PI430048170","LNCV6_121091_PI430048170",0.000108437387908167,6.78038389302447e-08,8.25913567385448,8.31926982731751,3.08495937369585,"CTGGTGTCTTGTCCTTTGTATATGTGGTAATGTTGATTTTATGACTACCGTAAAAACACA","",NA,"---"
"hsa_circ_0042028","hsa_circ_0042028",0.000108437387908167,6.81074246432425e-08,8.25679193330447,8.31511622460995,1.18303348291161,"TCGACAAAGGGCTTTAGAATCCAAATTAGCAGCTTGCAGGAATTTTGCAAAGGACCAAGC","",NA,""
"LNCV6_131938_PI430048170","LNCV6_131938_PI430048170",0.000108437387908167,6.82536863531785e-08,-8.25566662566868,8.31312164762721,-1.37867750166418,"TTACTTCTCATAATGTGTGCATTGAGTTGTGTGGGCCGGTGGCTGTTGAGTATGCTTTCT","",339855,"KY"
"LNCV6_137043_PI430048170","LNCV6_137043_PI430048170",0.000111192694843655,7.0660918837394e-08,8.23749659542903,8.28088931525322,1.31175515117069,"AGAGGGGTATGTTTAAGTACACTATTAGATGTGACTGACTACCTTGAAACCTGATTTTTT","",55829,"VIMP"
"hsa_circ_0003861","hsa_circ_0003861",0.000111864018651105,7.17645569301823e-08,8.22937958249869,8.26647421253697,2.06773973529361,"TGTTATTTCTGTTACTGTTTTTGTATCTCAAAGCCAAAAGCCACAGGCATGGCCACAGTT","",NA,""
"hsa_circ_0046442","hsa_circ_0046442",0.000114653145559083,7.42477808061656e-08,8.21157922047644,8.23482749738237,0.729233648680125,"GCCGTCATTGGATGCTTTGCGTGTGGGATGGAAAATGGATTCCGAGTCTATAACACTGAT","",NA,""
"LNCV6_131699_PI430048170","LNCV6_131699_PI430048170",0.000115800290930353,7.56915034314683e-08,8.20151163254281,8.21690745026709,3.37841825368164,"CGTGGGGAGAGCTTTGCCTGTTAATAAAACGCACAAACCATTTCACACACAGTGAAAAAA","",8811,"GALR2"
"LNCV6_135918_PI430048170","LNCV6_135918_PI430048170",0.000117311509638387,7.76884956366964e-08,8.18790903691906,8.19267084875175,2.48178091941424,"AAAGACTCCCTTTAGTCCCTTTTTCAATTAAAACCTATGGTGAAAAAGGCGTTTGCACTC","",25819,"CCRN4L"
"hsa_circ_0000848","hsa_circ_0000848",0.000117311509638387,7.80992807571469e-08,8.18515590295258,8.18776201268638,2.08451853331001,"ATGTGGGGGTGGAGGCTTAATTAACGTTTGTAAATCCCTCTTGAGATCAAAGCCACTGCA","",NA,""
"LNCV6_76852_PI430048170","LNCV6_76852_PI430048170",0.000119329663736307,8.0165059854687e-08,-8.17153438118755,8.16345798250048,-2.97194891061377,"AATGTTAGGTATCCTGGACTTTCTATTCCTTTCTGTGTCTAACACATGTTCTACTTACTA","",NA,"AL024498.1"
"hsa_circ_0045935","hsa_circ_0045935",0.000124305431316255,8.42600772710636e-08,8.14557550828358,8.11706346228551,1.87548773240702,"GACCTGAAAAGCCACCAGGGAAGCTTCTGCATGCTGTGTGTCATGCAGAACCACATTGTC","",NA,""
"LNCV6_139563_PI430048170","LNCV6_139563_PI430048170",0.000126098663755596,8.62387898273446e-08,8.13349678941414,8.09544121920662,2.66637439234628,"CTGTGTATGTGTGTAACAGAATTCTGATTGTTAGACTGTAATGCTATTCCTCTATGGGAG","",58476,"TP53INP2"
"hsa_circ_0028025","hsa_circ_0028025",0.000126291263448181,8.71348494095625e-08,8.12812106316864,8.08581096976313,1.53956554386284,"AAGTATATGCAAATATGAAGAAGAAGCTCCATGGGCACTGGTCTCAGTGGTGGGAAACGT","",NA,""
"hsa_circ_0028029","hsa_circ_0028029",0.00012870212739497,9.02177787132127e-08,8.11005352250348,8.05341211195346,2.10801039141998,"CTACAAAAAGGATCATAGAACTCAATGGTGGACAACCGCCTCTAACTTATAAAAGATTCC","",NA,""
"hsa_circ_0067938","hsa_circ_0067938",0.00012870212739497,9.03560923192449e-08,8.10925799016554,8.05198442013538,2.26912226285174,"TCAATCCAAGATTAATTAAAAGAAGAATGAACTATAATCCTTGAAGATAACTGGGCAATT","",NA,""
"hsa_circ_0055823","hsa_circ_0055823",0.000130345818717103,9.40982334484697e-08,8.0882002157427,8.01415848076835,0.812289043097036,"TTAAAATTCTAAAGCTCCACCATGAGGCGAGGTGGATGGAGGAAGCGAGCTGAAAATGAT","",NA,""
"hsa_circ_0050061","hsa_circ_0050061",0.000130345818717103,9.49788650862443e-08,8.08337080875219,8.00547397184388,1.34455166331972,"TGTACTCTGAGATACCGGGGAGACCACGACGCTGCCTCCTGGGCGCCATGAGTTCCTGTT","",NA,""
"LNCV6_90746_PI430048170","LNCV6_90746_PI430048170",0.000130345818717103,9.59048149997126e-08,8.0783426340349,7.99642826923099,1.89220807524002,"CAGGAGCTTGAGGTCATGTTGAAGTGATCCGAAGTGTTTAGGGTTAAAGAGCGTGATTTT","",NA,"---"
"LNCV6_144465_PI430048170","LNCV6_144465_PI430048170",0.000130345818717103,9.6194269710832e-08,8.07678112097605,7.99361832183509,2.61229593814315,"TAAAATATCCCCAAGTTGTCCCTTTACAGCCATCAATATATTTTACACTCTGCGGCCAGG","",153020,"RASGEF1B"
"hsa_circ_0079095","hsa_circ_0079095",0.000130345818717103,9.65713703225806e-08,8.07475407029695,7.98997008641995,1.10818365698039,"CTGAAGTTGAGTGACACTTAACTCCGCCATCTGCGTTTTGAGCACTGTTCTCATAATGGA","",NA,""
"hsa_circ_0040797","hsa_circ_0040797",0.000130345818717103,9.70316018454244e-08,8.07229123916067,7.98553670548706,3.68951492838745,"TTTAAAGAAACACTCAATCATCCTAGACTTCGGGAACTATCACCTGGGCGTCATGTCCTG","",NA,""
"hsa_circ_0045487","hsa_circ_0045487",0.000130345818717103,9.70322140919793e-08,8.07228797091661,7.98553082165837,1.4539498060913,"CCCCTTGCAGGTCTGGGATACTGCTTTAGTTTTCTCCCAACTGTAACCATCCTATCACAA","",NA,""
"hsa_circ_0051239","hsa_circ_0051239",0.000138075889992282,1.03622308184659e-07,8.03829222358506,7.92424049103344,0.951967491757261,"CTGTACCTCCAAGGAGCTAATGGACAGGCAAGGGTGGGGCCTGTAGGATAAGAGAGCTTG","",NA,""
"LNCV6_62415_PI430048170","LNCV6_62415_PI430048170",0.000139637661304249,1.05639492238234e-07,8.0283326730224,7.90625136708229,2.78788756379219,"GTTCTTGTGTAATGAAGTCAATGCTGTCAGGCCAAGAAATGAAATAATTGCTTACCTTAA","",NA,"GABARAPL3"
"hsa_circ_0018607","hsa_circ_0018607",0.000140939222148513,1.07477149838786e-07,8.0194294400632,7.89015743164705,1.74760813133356,"TCCTATAAGGATGAAGTGGCTGTAATTGATGAAATTCAAATGATTAGAGATCCAGCCAGA","",NA,""
"hsa_circ_0020951","hsa_circ_0020951",0.000141152902128045,1.09333689423981e-07,8.01059336479829,7.87417298946691,1.23557185236578,"AACTTTCTAGATGTGATGGAAGACCTCTATAACTACATAAATCCACATAATGGCAAACAC","",NA,""
"LNCV6_11661_PI430048170","LNCV6_11661_PI430048170",0.000141152902128045,1.09348670465776e-07,8.01052269705507,7.87404510385412,3.10510217049963,"CTGGGTACTGACAGAGTTTGGAAAAGCCATTATCTTTATAGTTTAAGAGACAGCTTGATG","",NA,"AL596325.2"
"hsa_circ_0056601","hsa_circ_0056601",0.000147422723763989,1.15098023746162e-07,7.98411687996115,7.826206051901,1.29741691563999,"GGCATCAATGAGTTTACCCTTACCTGTGTCGGGCCTTGAAAACATTCGTCAAAGACCGTA","",NA,""
"LNCV6_131226_PI430048170","LNCV6_131226_PI430048170",0.000147473680609952,1.18379011908136e-07,7.9696531646388,7.79995741466424,3.74431965015011,"GTAAAATAATCACGTTAGACTTCAGACCTCTGGGGATTCTTTCCGTGTCCTGAAAGAGAA","",80328,"ULBP2"
"LNCV6_33476_PI430048170","LNCV6_33476_PI430048170",0.000147473680609952,1.18597845542882e-07,7.96870328226528,7.79823246253761,2.40557331776292,"TGGGATTCATAAGAGGAGGAAGAAACCTATCATGCTGACGGGTAGTGAAGAAGAGAAATG","",NA,"AL109955.1"
"LNCV6_140916_PI430048170","LNCV6_140916_PI430048170",0.000147473680609952,1.18700507120941e-07,7.96825828835715,7.79742432245959,1.24036576250626,"CCTAAAACAAGGAAACAAAAAATATCTGTGCTTTCAGCAAACCATTGACATACCAGATGT","",118672,"PSTK"
"hsa_circ_0009048","hsa_circ_0009048",0.000147473680609952,1.18707972094025e-07,7.96822594644086,7.79736558610256,2.05550969584887,"CAATATCCAGACTACTGGATAAAGCCTGGAGACCATGTGATGATGGAAGTATCTTGTCAA","",NA,""
"hsa_circ_0087194","hsa_circ_0087194",0.00014810857969276,1.2011541363096e-07,7.96216554104133,7.78635643833856,1.43300122125094,"AATAATCTGATTAATAATGCAGCTGCAGGCTCACAGAAACCCCTCAGTTCCTGCACATGG","",NA,""
"LNCV6_144671_PI430048170","LNCV6_144671_PI430048170",0.000150608475889785,1.23054332139764e-07,7.94974422721699,7.76377480122623,3.46941974245582,"ATCATTTGTTGGAATGAATTAAATAAACCCTTCCTGGGGCATCTGGCGAATCCCAAAAAA","",7056,"THBD"
"LNCV6_130840_PI430048170","LNCV6_130840_PI430048170",0.000153527925991114,1.278358213058e-07,7.93017718518024,7.72815480127856,3.62319168024448,"GTTTCCTAGATATGAATGATGTTTGCAATCCCCATTTTCCTGTTTCAGCATGTTATATTC","",6004,"RGS16"
"LNCV6_139745_PI430048170","LNCV6_139745_PI430048170",0.000153527925991114,1.28905898034447e-07,7.92590195106934,7.7203643761173,1.41780517707184,"TTGGTGCCAAGAAAATAAAAAAGCTATTATCAGGTCTCCTAACTACCCCAGTTTGTAAGG","",56160,"NDNL2"
"LNCV6_34734_PI430048170","LNCV6_34734_PI430048170",0.000153527925991114,1.30309411905704e-07,7.92034990206832,7.71024315923803,1.57736958128377,"TCATGCATGTCCTGGCGGATGGATGTGTCACCAGGCAGAATCATTAAAATATCCCAAACA","",NA,"AL022328.3"
"LNCV6_116845_PI430048170","LNCV6_116845_PI430048170",0.000153527925991114,1.3053808168649e-07,-7.91945119236556,7.70860439755826,-0.851827341239683,"CCACACTGTCTAGGCTCACTTCCTGCCACAGTGTAATAAAGCCTCCTACCCTGCAAAAAA","",NA,"---"
"hsa_circ_0063474","hsa_circ_0063474",0.000153527925991114,1.31748265844e-07,-7.91472193966839,7.69997876636388,-0.537556956697617,"ACAATATAGAGCTTTCATAGAAACCATGTTCACCAGTAAAGCCCCTGTGGAAGAAGCCTT","",NA,""
"hsa_circ_0040799","hsa_circ_0040799",0.000153527925991114,1.31792102756569e-07,7.91455147524938,7.69966779464916,3.23318046860476,"AATCATCCTAGTGATGTGTCCAATCTAGATCCCAACTTCTCATTTGAAGGCACCAAACTG","",NA,""
"LNCV6_128235_PI430048170","LNCV6_128235_PI430048170",0.000153527925991114,1.31943941382797e-07,7.91396148821647,7.69859146974244,3.09843655330062,"TTGCAGTTTTGGTTTCTTTTGCGGTTTTCTAACCAATTGCACAACTCCGTTCTCGGGGTG","",10501,"SEMA6B"
"hsa_circ_0034493","hsa_circ_0034493",0.000153754052728005,1.33871605514672e-07,7.90653182362594,7.68503285215189,2.47188055124549,"ACACCCCTGGCCAGAGTCGTCTCTGCAACAACCCCACACCCCAGTTTGGAGGCAAGGACT","",NA,""
"LNCV6_142925_PI430048170","LNCV6_142925_PI430048170",0.000153754052728005,1.34184949222917e-07,-7.90533459435274,7.6828472064384,-2.96650473877947,"CTGAACCATTGTGGTAAACTTTTGGAGTTGATATGGAATCACTTTAATGCTGTTTTCACA","",139065,"SLITRK4"
"hsa_circ_0047908","hsa_circ_0047908",0.000153754052728005,1.34929931462157e-07,7.90249973141622,7.67767104859354,3.42039965682894,"AACAACAATAGTGCTTCAGTTTAATGAAGTGGGAGCCAATGCAGTTACCCCCATGACTCC","",NA,""
"LNCV6_144841_PI430048170","LNCV6_144841_PI430048170",0.000153778368090198,1.35881968305617e-07,-7.89890045596386,7.67109739205303,-1.62089455351723,"GAATTCGGAACTGTCCTTTCCTTGGCTTTATGCACATTAAACAGATGTGAATATTCAAAA","",5347,"PLK1"
"LNCV6_143045_PI430048170","LNCV6_143045_PI430048170",0.000155378670176418,1.38243374640628e-07,7.89008437892752,7.65498752372771,0.905522321373526,"TCTTTCTGAGGTCCAGGGTCCTTATATGAAGAGATTCATATATATGAAGAGATTCGTCTA","",55270,"NUDT15"
"LNCV6_95609_PI430048170","LNCV6_95609_PI430048170",0.000155378670176418,1.41291294763356e-07,7.87893291017651,7.63459317442399,1.8803880368868,"AAGTGGGTCATGCTCGTTGAACTGGAAACACTGAGTTGATATCTGGGTTATTTCCCCTGA","",NA,"---"
"hsa_circ_0074135","hsa_circ_0074135",0.000155378670176418,1.4286539869969e-07,7.87327080884063,7.62423079845478,1.22636944562888,"CCATATTTAAGAATATACCTCCAAATGGTCTGGTTGTATACTGTGGAACAATTGTAACAG","",NA,""
"hsa_circ_0060781","hsa_circ_0060781",0.000155378670176418,1.429608451362e-07,7.87292956381743,7.62360612002581,0.77835717038497,"ATCGTGGCAGAGGGCAGCCACTACATTAGATGAGAAGATTGAGAAAGTTCGAAAGAAAAG","",NA,""
"hsa_circ_0088133","hsa_circ_0088133",0.000155378670176418,1.43440554510632e-07,7.87121804474662,7.62047276927665,1.02525280026799,"CTCTGTGAAGCTTTGGAGTCTCGACAGGAGAAGTGTTTGAAATTGAAGAGCATATCAGCG","",NA,""
"LNCV6_118274_PI430048170","LNCV6_118274_PI430048170",0.000155378670176418,1.43650602905594e-07,-7.87047049267616,7.61910405391096,-2.13862748846337,"CTCGAAGCAAGTGTATAATGCCCCCAAAAATCACATTTAGAAGTCATCACTTCAATAAAA","",NA,"AL033527.3"
"hsa_circ_0072554","hsa_circ_0072554",0.000155378670176418,1.4499077770429e-07,7.86572734748286,7.61041770456369,1.91270046416581,"TTCAACAATGGTGCTCACATGAGCCTCCTTCCAGACAAAAAGCCTTGAAGACAGTACCAT","",NA,""
"hsa_circ_0000150","hsa_circ_0000150",0.000155378670176418,1.45383438613124e-07,-7.86434623334239,7.60788775977312,-1.05071964070486,"CAAGCCGGAGAAATCACCACCCAATGCGAGCCACCCTCCTAAATTCAAGGTCAAGAGCTC","",NA,""
"hsa_circ_0051350","hsa_circ_0051350",0.000155378670176418,1.45759484578039e-07,7.86302717314382,7.60547121501086,2.33123469077201,"TCAATGTCTGGTAGCCACCGGCACTCACGTCCTGGAGCTTGAAAATCTGCCGCAGAATGG","",NA,""
"hsa_circ_0074145","hsa_circ_0074145",0.000164152108267694,1.54983258930093e-07,7.83173063875977,7.54805757791789,0.969337282280025,"ATAGGAATACCACTATTCCAACCAAGAAGAGCCAGGCCACTAAAGATGCTGGCCAGATAT","",NA,""
"hsa_circ_0028026","hsa_circ_0028026",0.000165111243594085,1.56888108287718e-07,7.82550789863788,7.5366241442136,1.59872451539637,"CAAATATGAAGTTGCTCTCAAGGGAGTGGTATTTTACACTATGCTCATGGCGACAGTCAG","",NA,""
"LNCV6_51952_PI430048170","LNCV6_51952_PI430048170",0.00017125778011491,1.64269524031138e-07,7.80211140172698,7.4935834707273,1.27678966779471,"ACAAAGCCCGTGCTGTGTAAATTGTCCACACCCATTTCATTCTGGGCTTAGTGAAAGTGA","",NA,"---"
"LNCV6_130512_PI430048170","LNCV6_130512_PI430048170",0.00017125778011491,1.64801499968351e-07,7.80046746378464,7.49055611146815,0.619472708356639,"GGCACATATGGTCCACTGGAGACAATGTATGATTGAGTTTTTCTTTGGTCTAAAAATTAT","",10614,"HEXIM1"
"hsa_circ_0034470","hsa_circ_0034470",0.00017257815277167,1.67116574230112e-07,7.793376673345,7.47749349474316,3.23869534441892,"TGCCACATTCAGGAGTGTGACAAGAGATAACTCAGTTACCATCTGCAAAAAGGTGTCCTG","",NA,""
"hsa_circ_0087193","hsa_circ_0087193",0.000174640461660452,1.71510975472663e-07,7.78019241282499,7.45318514233172,1.61679240527352,"TAAATGTGTCTAAGTGGAATGCAGTGATCTGCAGTGGGACCTATGCACAGATTTCGACCT","",NA,""
"hsa_circ_0075523","hsa_circ_0075523",0.000174640461660452,1.72886554718563e-07,7.77613707328527,7.44570281955334,0.771691337330901,"ATATTTCTTAACACAGTGCTTGAGGAATCCAAAGCCCTCGTGCGCTGCAACATGAAGATG","",NA,""
"hsa_circ_0034490","hsa_circ_0034490",0.000174640461660452,1.74580945533312e-07,7.7711874837309,7.43656715857762,2.72514395407477,"CTGCAAAAAGAGTCGTCTCTGCAACAACCCCACACCCCAGTTTGGAGGCAAGGACTGCGT","",NA,""
"hsa_circ_0045922","hsa_circ_0045922",0.000174640461660452,1.74975575178212e-07,7.77004184198114,7.43445206808716,1.77683442852621,"ATAGAGCCAGGCCACCAGGGAAGCTTCTGCATGCTGTGTGTCATGCAGAACCACATTGTC","",NA,""
"hsa_circ_0015048","hsa_circ_0015048",0.000174640461660452,1.75441424377327e-07,7.76869287922007,7.43196134858473,2.10270876008303,"TGGAGTGTCAGACTTTTCCAGATTTCTCAGAATAAAGTAGCAGTTCTTCTTCTAGCTGGT","",NA,""
"LNCV6_139516_PI430048170","LNCV6_139516_PI430048170",0.000174640461660452,1.75806828876147e-07,7.76763736547218,7.43001225867099,3.13026599972325,"CTTTTAACTGGAAATTTTTATGTGAGTTTTCCTTTTGGTGCATGGAACTGTGGTTGCCAA","",23462,"HEY1"
"hsa_circ_0060354","hsa_circ_0060354",0.000174640461660452,1.7651233801146e-07,7.76560582536712,7.42626038044271,1.32906831452841,"ATAAGGACCCTTACGCTACTTCCTGAAGAATAAGGTCAGCCCTGATTTGTGCAATGAGGA","",NA,""
"hsa_circ_0020865","hsa_circ_0020865",0.000174847781015462,1.78547740444715e-07,7.75979154673989,7.41551900665393,1.02597182022331,"TGGAAAACCGGTACAACTGGATTTGGAACAAATCCAGGTGGTCTCTTTGGCCAACAGAAT","",NA,""
"hsa_circ_0034491","hsa_circ_0034491",0.000174847781015462,1.80152603218548e-07,7.75525527675738,7.40713506244138,2.66274735570861,"ATTGATGGAGACGAGTCGTCTCTGCAACAACCCCACACCCCAGTTTGGAGGCAAGGACTG","",NA,""
"hsa_circ_0056616","hsa_circ_0056616",0.000174847781015462,1.8109245083016e-07,7.752618092025,7.40225956925656,2.41100159247509,"AGTACATGTTAAACTTAAACTTCAGTTTGTTGGCTGCGGCAGCAGGTAGCAAAGTGACGC","",NA,""
"LNCV6_145044_PI430048170","LNCV6_145044_PI430048170",0.000174847781015462,1.81909943040231e-07,7.75033572056113,7.39803918061507,1.5755130981967,"GGACACACAGAGTATTGGTCCTAAAGTCCAGAGACAGAGCACTAATTAGAAAACATTCAG","",1407,"CRY1"
"hsa_circ_0078229","hsa_circ_0078229",0.000174847781015462,1.82676022452515e-07,-7.74820649895242,7.39410126880885,-1.35596633111949,"CTGAACTGAATGTGGGAAGTTCACTTTCACCCATCCAACCCAGAACATCTTTTTACCTGC","",NA,""
"hsa_circ_0051356","hsa_circ_0051356",0.000174847781015462,1.83071168594345e-07,7.74711184779,7.39207648533113,2.39808713176292,"GGTGAAGAAGGCCGGGCTGTCACCTATTCCCGAAGCCGTTACCTCGAATGCATTTCCTGT","",NA,""
"LNCV6_106320_PI430048170","LNCV6_106320_PI430048170",0.000174853213703467,1.84844370119868e-07,7.74222955298747,7.38304344711729,2.84069736066508,"CTCTGGGAGGTGGGTGGGGAAACTGGACTCCATCAGAGAACTTTAGAAAGGCATGGGGTG","",NA,"---"
"hsa_circ_0037894","hsa_circ_0037894",0.000174853213703467,1.85748805273447e-07,7.73975792501944,7.37846914790768,0.884462071465256,"TTAAGAGATGAGGGTACTTGTCTTGGGCCTTAGACACAAATCAGGAAGAACGAGACAAGG","",NA,""
"hsa_circ_0026013","hsa_circ_0026013",0.000174853213703467,1.86251599972222e-07,-7.73838927270237,7.37593575049101,-0.806900049910978,"ACCCTCGGAGTCTCTGAGCCCAACCTGAAGCTGCGCTATAAGCCCAAGAAGTCCCTGGAG","",NA,""
"hsa_circ_0078237","hsa_circ_0078237",0.000178977341423773,1.91727780426001e-07,-7.72372538033359,7.34877472070789,-1.19455543252881,"ATGCTTCCACAGATGTACCTGAAAAGTCGTCACTCTTTCACCAAGACTCTGTCAGTCAAC","",NA,""
"hsa_circ_0088115","hsa_circ_0088115",0.000179889931100553,1.93794114446607e-07,-7.71830451153409,7.33872567375253,-1.04908318399544,"TAAGTTTGAGTCTCCTCCCAGCTCATCCACTTTATTCCACGTGTGCATTGCTAAGTGCAA","",NA,""
"hsa_circ_0037976","hsa_circ_0037976",0.00018146191271173,1.96625716302683e-07,7.71097232803972,7.32512635605996,0.643388350436143,"AAATGGGAAGGTTTCCCCAAAGTCAGTATTCTCCTCAGGGGAGTGGCCGCTCTAGGCAGC","",NA,""
"LNCV6_15179_PI430048170","LNCV6_15179_PI430048170",0.00018146191271173,1.98597362221344e-07,7.70593113419734,7.31577147832315,2.81698277600334,"CATGAGCAAGAAAGAGATGTGGCCAAAGACATTCATGGAGCCCTGTTTGTTAAAACAGAG","",NA,"GATA2-AS1"
"hsa_circ_0046443","hsa_circ_0046443",0.00018146191271173,1.98782333614699e-07,7.70546084939774,7.31489857924948,0.747635015942363,"ATATTTACTGGATGCTTTGCGTGTGGGATGGAAAATGGATTCCGAGTCTATAACACTGAT","",NA,""
"LNCV6_10389_PI430048170","LNCV6_10389_PI430048170",0.000186577853040619,2.05515794766007e-07,7.68864246408383,7.28365967221761,0.864787758406955,"CTTAGCTCTTCATGATTGAGTACCTGCTGTTCACTGCTACAGTATAAAACCATGCCACAA","",NA,"AL691432.2"
"hsa_circ_0020909","hsa_circ_0020909",0.000186633597476363,2.06706742388893e-07,7.68572719068633,7.27824037931715,0.995087743814092,"GGGCTCTTTGGTACAACTGGATTTGGAACAAATCCAGGTGGTCTCTTTGGCCAACAGAAT","",NA,""
"hsa_circ_0031036","hsa_circ_0031036",0.000189598948204697,2.11138519688822e-07,7.67502936172673,7.2583427418897,1.43305245437398,"CCAATGACAAAAAAATCATTTTTCTTCTCTGGGAAGGTGAACATTTGTAGCATTGATTTC","",NA,""
"hsa_circ_0040804","hsa_circ_0040804",0.00018970906513293,2.13013140672782e-07,7.67057393567401,7.25005063456623,3.1499804446234,"CGTGGCCGTGGTGATGTGTCCAATCTAGATCCCAACTTCTCATTTGAAGGCACCAAACTG","",NA,""
"LNCV6_133000_PI430048170","LNCV6_133000_PI430048170",0.00018970906513293,2.13557463367356e-07,7.66928783353127,7.24765647371921,1.74003260443906,"AGAATTCAGTGCTCTTTCATTTGTTAATGCTGTCCAGATTTTTCACACAGTTATACTCAG","",49854,"ZBTB21"
"hsa_circ_0003090","hsa_circ_0003090",0.000189833332054314,2.15775639863712e-07,7.66408164524231,7.23796224515217,2.34602114773241,"TCCTGAAATGCTGCAACACCACCAAATGCAACGAGGGCCCAAGCCGGGCTGTCACCTATT","",NA,""
"hsa_circ_0074152","hsa_circ_0074152",0.000189833332054314,2.16103478676274e-07,7.66331688591986,7.2365378700217,1.11341598716643,"ATTGTGAAGGAGTTCAAGAGAGAGGCCACTAAAGATGCTGGCCAGATATCTGGACTGAAT","",NA,""
"hsa_circ_0045939","hsa_circ_0045939",0.000189833332054314,2.17889451669089e-07,7.65917165174379,7.22881575976398,1.55378136638167,"TAGCCAACTACCTGCTCTCCAAGGAGCATGCTCGCAGCTGGGTATTCCCGAGGAGGGTCC","",NA,""
"LNCV6_133232_PI430048170","LNCV6_133232_PI430048170",0.000189833332054314,2.19327013276513e-07,7.65586052076905,7.22264560768588,2.95187000009151,"GCAGTCTTCTGTATTCCTGCATATTGTATATACCTGTATATGTTTTCCTGAGCAGTTAAA","",4330,"MN1"
"hsa_circ_0089691","hsa_circ_0089691",0.000189833332054314,2.19441904401612e-07,7.65559686154966,7.22215421802013,0.835353611532023,"AGGAAAATCTTTTCAGCTTCCAGACAGCAACCACAACTATGCAAGCACGACATCCCTATT","",NA,""
"hsa_circ_0037981","hsa_circ_0037981",0.000190003744659311,2.23654212264259e-07,7.64602749606484,7.20431232418007,0.704578353564571,"GGAATATAAGGTGGTCCTGCTCGTCTATCACTGGAGCAGCAGGGAATCTGAACACGACCT","",NA,""
"LNCV6_130400_PI430048170","LNCV6_130400_PI430048170",0.000190003744659311,2.25208970878781e-07,7.64254246272768,7.1978110775828,1.42077533236179,"TTTTATTTTTAAAGGATGAGCTTTGGTCCTTTTCAGGCCGCCGGTTGTTTCCGTTCCCGA","",284207,"METRNL"
"LNCV6_2477_PI430048170","LNCV6_2477_PI430048170",0.000190003744659311,2.26992405621936e-07,7.63857535120062,7.19040827046204,1.69487835719176,"CTCAACCCCAGTTGGGCACACAAGTGTTTAATGAGTATTTAACTGATTTGATAAGAATAA","",NA,"RABGEF1"
"LNCV6_34815_PI430048170","LNCV6_34815_PI430048170",0.000190003744659311,2.27846043210783e-07,7.6366878912088,7.18688534296749,1.03903132572617,"TAACATACATCAGTTTCAGGAATCTCCAGCCTCAACAGAGATAAATGCCAGCCAACCCAG","",NA,"PHKA2-AS1"
"hsa_circ_0011933","hsa_circ_0011933",0.000190003744659311,2.29916890663517e-07,7.63213930030526,7.17839320486978,1.38470645224312,"AGAAAAAGCCTTTTTTGGTACATAGATTCTGCGGACTTGGAGCCCATCACCTCGCAAGAA","",NA,""
"hsa_circ_0066468","hsa_circ_0066468",0.000190003744659311,2.30910497058479e-07,7.62997187242215,7.17434554528146,0.899631837570809,"ATAAATGTCAAAACCTGAGTTACAACAAACTCTCTGAGATTGACCCTGCTGGTTTTGAGG","",NA,""
"hsa_circ_0089957","hsa_circ_0089957",0.000190003744659311,2.31908643029615e-07,7.62780422967427,7.17029676763288,1.56847197204795,"CCGCTGGCAGACTATTTATTTAACTTTGCATCTGCTGCCACAAAAAAGATAACTGAATCA","",NA,""
"LNCV6_145677_PI430048170","LNCV6_145677_PI430048170",0.000190003744659311,2.32015497938945e-07,-7.62757274800397,7.16986435798381,-2.10551700385166,"CCCTCCTCTGTATGCTGTCACACCTATATTATTAAACTTATCACATTGCATTGTAATTAC","",53829,"P2RY13"
"LNCV6_129576_PI430048170","LNCV6_129576_PI430048170",0.000190003744659311,2.32225591873455e-07,7.62711793906554,7.16901474736598,1.73622291695616,"GATTACTGTGGTCTCTCTGACGGTCCAAGCAAAGGCTCTTTTCAGAGCCACCACCTTTTC","",8350,"HIST1H3A"
"hsa_circ_0040803","hsa_circ_0040803",0.000190003744659311,2.33298521269965e-07,7.62480188810352,7.1646877344974,3.07805221270766,"CGTGGCCGTGGAATTACTTGAATTTCGTCACAGAGGAAATGATCAACCCCTACAGAAACC","",NA,""
"LNCV6_63500_PI430048170","LNCV6_63500_PI430048170",0.000190003744659311,2.33398073069312e-07,7.62458755179173,7.16428725462387,1.66367648532601,"GGCTTGTTTTACTCAGGCAAGAGAATGTGAATAGTGCCAAGAAAATCCTTTACATTATTT","",NA,"---"
"hsa_circ_0011922","hsa_circ_0011922",0.000190003744659311,2.33559666096921e-07,7.6242398410733,7.16363755444675,1.52644824442086,"GGAAATCAAGCCAAGTTCAACAGGGGAACAGAAGACTAAACCTACCCAGAATAGTGTTCG","",NA,""
"LNCV6_30870_PI430048170","LNCV6_30870_PI430048170",0.000190003744659311,2.35202861565879e-07,7.62071812459099,7.15705616038809,1.64912722863343,"ACATCATTCCTCTGGGCATTAGTCTGGGCATTGACCAGGACAGCGCTGCTTTTTTATTAT","",NA,"AC037487.4"
"hsa_circ_0022186","hsa_circ_0022186",0.000190003744659311,2.35749842788365e-07,7.61955146855193,7.15487549294341,0.991183018925049,"ATCCTTTCTATTCAGGATAACACAAGTCCCTTGCCGATGCCTTATTGGAGGAACTGGAAC","",NA,""
"LNCV6_3206_PI430048170","LNCV6_3206_PI430048170",0.000190003744659311,2.3688802449823e-07,7.61713278600624,7.15035392546611,2.11291437652149,"AACACATAACAAAGGGCAGCCCTCCACTTCTGGTATAATTGTGTAGCCCCTTTTCTTTGG","",8507,"ENC1"
"hsa_circ_0007942","hsa_circ_0007942",0.000191444047651197,2.39842387618382e-07,7.61091028711613,7.13871727276043,0.81692818629336,"ATCCGAGAAAAATTTCTAGAAGGAGGAGTTGGCCATGTTGAAATGTTATTTCGCTGCAAC","",NA,""
"hsa_circ_0089130","hsa_circ_0089130",0.000194104367645974,2.44350014043313e-07,7.60156736759394,7.12123404998443,0.822425140717804,"ATGCGAGCATAAGCCCTTCAGCGGCCAGTAGCATCTGACTTTGAGCCTCAGGGTCTGAGT","",NA,""
"hsa_circ_0087187","hsa_circ_0087187",0.00019429333190405,2.47240871316689e-07,7.59566882596877,7.11018936691826,2.05678833520761,"ATGTATTTTAGTTACTGTTTTTGTATCTCAAAGCCAAAAGCCACAGGCATGGCCACAGTT","",NA,""
"hsa_circ_0064867","hsa_circ_0064867",0.00019429333190405,2.47644698729873e-07,7.59485053164862,7.10865673820491,0.857104003426004,"CAGATTGCAGAAATTCAAGCCATGAGTCAATGCCATCATCCTAATATTGTATCTTACTAC","",NA,""
"hsa_circ_0031035","hsa_circ_0031035",0.00019429333190405,2.48115603385329e-07,7.59389805602993,7.10687266526865,1.39104441813525,"TGTAGCATTGATTTCCCGGATCTGGTAACATGGCAAAAGATCGTCCCGGCGCCACTCGGC","",NA,""
"LNCV6_9298_PI430048170","LNCV6_9298_PI430048170",0.000198889976924532,2.55988335141642e-07,7.57824532792374,7.07753386632053,2.59153727401939,"GACTGATTTCTTTTGGTGTTCAGAGTCAATATAATTTTCTAGCACCATCTGAAATCGGTT","",NA,"MIR29A"
"hsa_circ_0087192","hsa_circ_0087192",0.000198889976924532,2.56521437325739e-07,7.57720345799141,7.07557970362469,1.34760754095665,"CTATGCACAGGACGTTCCCAATTAGAGGCTTTCAGATTTATGATGGGCCCATTCATCTCA","",NA,""
"hsa_circ_0003122","hsa_circ_0003122",0.000198889976924532,2.58654569931894e-07,7.57305684188886,7.06780054443919,2.09974205993097,"GACCCAACAGTGTGTTCCATGGGAACCGGTACAAGCAGACTCTATAGTGCTCTCGCCAAG","",NA,""
"hsa_circ_0045932","hsa_circ_0045932",0.000198889976924532,2.58800483200736e-07,7.57277449273171,7.06727075473735,1.89070774124995,"GCTGTGCCAAGCCACCAGGGAAGCTTCTGCATGCTGTGTGTCATGCAGAACCACATTGTC","",NA,""
"LNCV6_44330_PI430048170","LNCV6_44330_PI430048170",0.000199537451618054,2.61745460911472e-07,-7.56711073156712,7.05664091064786,-1.27756444321066,"TATGTGACGTAGGCACAGCCAATGACTGCATCCCAGTGCTTCGACCAGTCACAGGGTCAA","",NA,"AC099524.1"
"LNCV6_128843_PI430048170","LNCV6_128843_PI430048170",0.000199537451618054,2.62121504303243e-07,7.56639227414517,7.05529214774202,2.37449667598372,"GGTACATTACTGCAATGTTCTCTTAACAGTTAAACAAGCTGTTTACAGTTTAAACTGCTG","",54206,"ERRFI1"
"hsa_circ_0005499","hsa_circ_0005499",0.000199537451618054,2.63265918529651e-07,7.56421232736464,7.051199243341,0.966436763675769,"GCTGAAGCTGTGAGTGATGGATTGGAACTGAGACCGAAATATAATGGAATTTTACATTGC","",NA,""
"hsa_circ_0046439","hsa_circ_0046439",0.000199675074402131,2.64655970163026e-07,7.56157761325934,7.04625153456318,0.734046611568729,"GGACCTGTAAGATGCTTTGCGTGTGGGATGGAAAATGGATTCCGAGTCTATAACACTGAT","",NA,""
"hsa_circ_0051355","hsa_circ_0051355",0.000200606852482687,2.68273326852713e-07,7.55478773700169,7.03349599967936,2.27218653894419,"GAAATGCTGCAACACCACCAAATGCAACGAGGGCCCAAGCCGAGCCAGCCCCTTCACCAC","",NA,""
"hsa_circ_0032738","hsa_circ_0032738",0.000200606852482687,2.68319207879209e-07,7.55470222610457,7.03333531315089,0.771742991025454,"ATGCCTTTATATGAAACCAGCAGTGTGTGTAGCAGCAGTGACACTGGGCTCTTTACCAAT","",NA,""
"hsa_circ_0006995","hsa_circ_0006995",0.000200742180143447,2.69715146807432e-07,7.55210774099451,7.02845939488275,0.927840205444529,"GAAGAGCCAGACTGACATCAATTTGCCCTATCTTACAATGGATTCTTCTGGACCCAAGCA","",NA,""
"hsa_circ_0037897","hsa_circ_0037897",0.000205814986065306,2.77776551891999e-07,7.53739120914548,7.00078260975168,0.839916275577565,"TGATGCCAAACAAGGTACTTGTCTTGGGCCTTAGACACAAATCAGGAAGAACGAGACAAG","",NA,""
"hsa_circ_0051351","hsa_circ_0051351",0.000208551456551388,2.82732003870451e-07,7.52856225186087,6.98416249706934,2.26345887659151,"AATCAATGTCTGGTAGCCACCGGCACTCACGGGCGTCCAAAGGATGACCGCCACCTCCGT","",NA,""
"hsa_circ_0090208","hsa_circ_0090208",0.000209101630851708,2.85189678101108e-07,7.52424264963484,6.97602671104423,1.17515070883117,"AGGACTAAAGACCAGGCCACTCTGGATGACATGGAGAAGTCTGTGAATGATGATATGAAA","",NA,""
"hsa_circ_0074136","hsa_circ_0074136",0.000209101630851708,2.86752926008151e-07,7.52151506115992,6.97088794939411,1.33527384004361,"CCATACAGAGCAATGGCACCAGCATGATATCATTGATCATTCCTCCCAAAGACCAGATTT","",NA,""
"LNCV6_23656_PI430048170","LNCV6_23656_PI430048170",0.000209101630851708,2.8727445063117e-07,7.52060851134356,6.96917976337689,2.43458120619938,"GCTTTAGGATTAATGTCCATTAGGCCTGTTCAACACATAGATACTTGATAATTTGACTAC","",NA,"AC084117.1"
"hsa_circ_0045925","hsa_circ_0045925",0.000212344040215453,2.94768007693263e-07,7.50776729439279,6.94496996597073,1.44798994649573,"AACATCGGCAATGGGATTATTTCCTCCCCACTGACTGGAAAGGCTCTGACGCCCGCTCTG","",NA,""
"hsa_circ_0085150","hsa_circ_0085150",0.000212344040215453,2.94877691068262e-07,7.50758185218298,6.94462016400305,0.903742803405125,"AATGCAACAGCGGAGCGTGCTTTGGACACCATGAATTTTGATGTTATAAAGGGCAAGCCA","",NA,""
"LNCV6_128906_PI430048170","LNCV6_128906_PI430048170",0.000212344040215453,2.96489953667319e-07,7.50486418732221,6.93949319728829,3.86262313104793,"TTGAAATCAACTTCATCAAGTCTCAGAGCAGCAACATGCTGACGCCCTATGACTACTCCT","",431705,"ASTL"
"hsa_circ_0026889","hsa_circ_0026889",0.000212344040215453,2.97087639920833e-07,7.50386059279798,6.93759959759648,1.49771589726635,"GTCACACTGGATCTGATCCCAAGCACTGGGTGAGTTTTAGGTGGTGTGGGTATGTGAAAA","",NA,""
"hsa_circ_0087745","hsa_circ_0087745",0.000212344040215453,2.98953928264609e-07,7.50074022430598,6.93171105094804,4.21195011772474,"TTGAATCAGCCTTTTTGGAGCTGTTTGTCCTCAGACTTTCCATCAGTACTGTCCCACTGA","",NA,""
"hsa_circ_0015051","hsa_circ_0015051",0.000212344040215453,2.99491164758234e-07,7.49984571455169,6.9300227194035,1.28412314068351,"CAATTCCCCGTGTTTATGAACCTCAGTTGCAGCACCATGTGGCTCAAAAGAAGATTCCTT","",NA,""
"hsa_circ_0074148","hsa_circ_0074148",0.000212344040215453,3.01886925273052e-07,7.49587680674612,6.92253018151168,0.942392419805923,"GATGCCCAAGACTGACATCAATTTGCCCTATCTTACAATGGATTCTTCTGGACCCAAGCA","",NA,""
"hsa_circ_0051353","hsa_circ_0051353",0.000212344040215453,3.02591321834275e-07,7.49471606679068,6.92033847295662,2.19214357906545,"AATGTCTGGTAGCCACCGGCACTCACGCCTCTTGGGGCCTGCGGTGCATGCAGTGTAAGA","",NA,""
"LNCV6_49204_PI430048170","LNCV6_49204_PI430048170",0.000212344040215453,3.03295386952938e-07,7.49355866001459,6.91815285362517,1.50253170721331,"GAGGTCATTACACACCATATTCGGATGGTGGAAATCATTGCTTATTTCAGGACACTAAAA","",NA,"---"
"LNCV6_144086_PI430048170","LNCV6_144086_PI430048170",0.000215891953341004,3.10881106315453e-07,7.48126180191194,6.89491915185656,2.25700248236527,"GGTCACTAACCTTACTTGATGCAGATAAAATCACTTGTCAATGCAAAATGTGTTAGAACT","",54855,"FAM46C"
"LNCV6_9936_PI430048170","LNCV6_9936_PI430048170",0.000215891953341004,3.1097618998577e-07,7.48110964121622,6.8946315148634,3.01890986902506,"GGTCTGAGCCCATGTGTGGACCTAGGTCTGCTGTTAAACTGACTAACTCCCACTCTACAG","",NA,"MIR6831"
"hsa_circ_0028027","hsa_circ_0028027",0.000216488848855423,3.13146208452791e-07,7.47765000746206,6.88809064354322,1.55005014722417,"CAAATATGAAGTCTTCTGGCATCAGTACCTTCTAATCCTAATGGGAATGGAGGCTTCATG","",NA,""
"hsa_circ_0051357","hsa_circ_0051357",0.000216955183384803,3.16521013786271e-07,7.47231851749811,6.87800722207279,2.35722743901671,"GGTGAAGAAGAAGGAGAAGAGCTGGAGCTGGTGGAGAAAAGCTGTACCCACTCAGAGAAG","",NA,""
"LNCV6_40196_PI430048170","LNCV6_40196_PI430048170",0.000216955183384803,3.18154828297104e-07,7.46975849525649,6.87316392496757,2.37636152369512,"TCAGGTTCTTTGAGATCTAAGCCAGATGCCATCATTTCCTTACGCTCTTGGGAGAAAGCA","",NA,"---"
"hsa_circ_0001419","hsa_circ_0001419",0.000216955183384803,3.18947010364575e-07,7.46852211189125,6.87082445799229,2.57315052920865,"AGTCTTTAAGACATACAGAAAGAATGTCCAGCAAATGATGCAGTGTCTGATCCGCAAGCT","",NA,""
"hsa_circ_0045924","hsa_circ_0045924",0.000216955183384803,3.19072980908358e-07,7.46832579816466,6.87045297452928,1.62998535222226,"TATTTCCTCCCCACTGACTGGAAAGAGATCGCCCGACACTTCCGCTTTGGGAACCAGGAG","",NA,""
"hsa_circ_0051354","hsa_circ_0051354",0.0002262199437454,3.34067665324354e-07,7.44551248527278,6.82724347033993,2.31134568479837,"AAATGCTGCAACACCACCAAATGCAACGAGGGCCCAAAAGGAGAAGAGCTGGAGCTGGTG","",NA,""
"hsa_circ_0037980","hsa_circ_0037980",0.000226279193939136,3.36018831707591e-07,7.44262198723939,6.82176306983926,0.65897826270024,"AAAGGTTTTTATCTGAACGAGTAAATGGAAGGTGGTCCTGCTCGTCTATCACTGGAGCAG","",NA,""
"hsa_circ_0039325","hsa_circ_0039325",0.000226279193939136,3.40312557923956e-07,7.43632177465014,6.80981342163263,0.801241147007247,"TACAGCGGGACCCCGTGGAAACGGAGGAACTACAACCAGGGAGTCGTGGGCGGCGGCGCG","",NA,""
"hsa_circ_0087744","hsa_circ_0087744",0.000226279193939136,3.40465297001261e-07,7.43609917492288,6.80939110492087,5.31023475494063,"ATGATCACAGTTGTCCGTACAGATAGTCTGAAAGGGAGGAGAGGTCGTCTGCCTTCCAAA","",NA,""
"hsa_circ_0002643","hsa_circ_0002643",0.000226279193939136,3.41383599730577e-07,7.43476302482117,6.80685599929194,5.59741474531928,"ATGATCACAGTACTGTCCCACTGACCAGGCTGCTGCAGGCACAGATGCTGAGCATGTGCA","",NA,""
"LNCV6_125121_PI430048170","LNCV6_125121_PI430048170",0.000226279193939136,3.42011947422199e-07,7.43385090346453,6.80512525614134,1.52375345467732,"CCTTGCCTCGAGAAATTTGGTAGCTAAAAATATCCAAAATTCATTTTAGCCAATACTTGC","",NA,"---"
"hsa_circ_0071366","hsa_circ_0071366",0.000226279193939136,3.42372092579292e-07,7.4333288901796,6.80413468300294,2.17042343096619,"ACTTCTTAATTGAAACAGATTCAGATAGTTCAAGTTCATCGTCTTCCTCTTCATCTTCCT","",NA,""
